"Link","Source","Title","Summary","Content","Date","Author","Type","Tag","Categories"
"https://www.wired.com/story/ai-crypto-tracing-model-money-laundering/","Wired","A Vast New Dataset Could Supercharge the AI Hunt for Crypto Money Laundering","Blockchain analysis firm Elliptic, MIT, and IBM, have released a new AI detection model—and the 200-million-transaction dataset it's trained on—that aims to spot the “shape” of Bitcoin money laundering.","As a test of their resulting AI tool, the researchers checked its outputs with one cryptocurrency exchangewhich the paper doesn't nameidentifying 52 suspicious chains of transactions that had all ult… [+3279 chars]","2024-05-01T13:00:00Z","Andy Greenberg","","",""
"https://readwrite.com/russia-opposition-blockchain-mark-feygin/","ReadWrite","Russian opposition voices dissent with blockchain vote","In the wake of Vladimir Putin’s landslide victory in Russia’s recent presidential election, which many have labeled as preordained and… Continue reading Russian opposition voices dissent with blockchain vote
The post Russian opposition voices dissent with blo…","In the wake of Vladimir Putin’s landslide victory in Russia’s recent presidential election, which many have labeled as preordained and lacking legitimacy, exiled opposition leader Mark Feygin is spea… [+2598 chars]","2024-05-10T20:04:06Z","Radek Zielinski","","",""
"https://www.theverge.com/2024/5/16/24158398/crypto-ethereum-heist-peraire-bueno-brothers","The Verge","Two brothers accused of stealing $25 million worth of crypto","The brothers, Anton and James Peraire-Bueno, face up to 60 years in prison if convicted.","Two brothers accused of stealing $25 million worth of crypto
Two brothers accused of stealing $25 million worth of crypto
 / The heist took just 12 minutes to execute, prosecutors claim.
ByGaby De… [+2933 chars]","2024-05-16T20:46:45Z","Gaby Del Valle","","",""
"https://arstechnica.com/tech-policy/2024/05/sophisticated-25m-ethereum-heist-took-about-12-seconds-doj-says/","Ars Technica","MIT students stole $25M in seconds by exploiting ETH blockchain bug, DOJ says","Brothers charged in novel crypto scheme potentially face decades in prison.","45
Within approximately 12 seconds, two highly educated brothers allegedly stole $25 million by tampering with the ethereum blockchain in a never-before-seen cryptocurrency scheme, according to an i… [+4305 chars]","2024-05-15T20:21:44Z","Ashley Belanger","","",""
"https://thenextweb.com/news/pussy-riot-lawyer-blockchain-app-legitimacy-russian-elections","The Next Web","Pussy Riot lawyer launches blockchain-based poll to challenge legitimacy of Russian elections","Russian voters who do not believe the 2024 presidential election was a just affair can now raise their voices via a blockchain-secured and encrypted referendum through the app Russia2024.  This year’s presidential elections in March saw tens of thousands of R…","Russian voters who do not believe the 2024 presidential election was a just affair can now raise their voices via a blockchain-secured and encrypted referendum through the app Russia2024. 
This year… [+5974 chars]","2024-05-10T13:06:24Z","Linnea Ahlgren","","",""
"https://readwrite.com/ethereum-hackers-arrested-mit-brothers-25-million-12-seconds/","ReadWrite","$25M in 12 seconds: MIT hacker brothers arrested in the US","Two brothers who attended the Massachusetts Institute of Technology (MIT) were arrested on Wednesday, facing charges for an innovative scheme… Continue reading $25M in 12 seconds: MIT hacker brothers arrested in the US
The post $25M in 12 seconds: MIT hacker …","Two brothers who attended the Massachusetts Institute of Technology (MIT) were arrested on Wednesday, facing charges for an innovative scheme that exploited the maximum extractable value (MEV) bots o… [+1745 chars]","2024-05-17T12:56:19Z","Radek Zielinski","","",""
"https://thenextweb.com/news/ai-detects-money-laundering-through-cryptocurrencies-on-bitcoin-blockchain","The Next Web","New AI technique detects money laundering via cryptocurrencies","Blockchain is often criticised as a solution in search of a problem. But one group of people has already found immense value in the tech: money launderers. Their crimes cause painful headaches for financial institutions, crypto businesses, legitimate law enfo…","Blockchain is often criticised as a solution in search of a problem. But one group of people has already found immense value in the tech: money launderers.
Their crimes cause painful headaches for f… [+4503 chars]","2024-05-01T15:07:26Z","Thomas Macaulay","","",""
"https://readwrite.com/bitcoin-beaches-one-billion-transactions-milestone/","ReadWrite","Bitcoin beaches one billion transactions milestone","Bitcoin (BTC) — the world’s first and most valuable cryptocurrency — has surpassed one billion processed transactions. This milestone was… Continue reading Bitcoin beaches one billion transactions milestone
The post Bitcoin beaches one billion transactions mi…","Bitcoin (BTC) the world’s first and most valuable cryptocurrency has surpassed one billion processed transactions. This milestone was reached 800 weeks and one day after the launch of Bitcoin on Janu… [+2107 chars]","2024-05-06T12:22:39Z","Radek Zielinski","","",""
"https://venturebeat.com/games/solana-labs-teams-up-with-google-cloud-on-web3-games-via-gameshift/","VentureBeat","Solana Labs teams up with Google Cloud on Web3 games via GameShift","Solana Labs is making a move to bring Web3 gaming to the mainstream with GameShift on Google Cloud.","Are you looking to showcase your brand in front of the gaming industrys top leaders? Learn more about GamesBeat Summit sponsorship opportunities here. 
Solana Labs is making a move to bring Web3 Gam… [+1057 chars]","2024-05-02T13:00:00Z","Dean Takahashi","","",""
"https://readwrite.com/top-6-leading-cryptos-of-2024-anticipated-lunar-event-propels-blockdag-beyond-sol-avax-ada-bnb-uni/","ReadWrite","Top 6 Leading Cryptos of 2024: Anticipated Lunar Event Propels BlockDAG Beyond SOL, AVAX, ADA, BNB, & UNI","BlockDAG is rapidly gaining prominence, ranking alongside Solana, Avalanche, Cardano, Binance, and Uniswap among the top 6 leading cryptos of… Continue reading Top 6 Leading Cryptos of 2024: Anticipated Lunar Event Propels BlockDAG Beyond SOL, AVAX, ADA, BNB,…","BlockDAG is rapidly gaining prominence, ranking alongside Solana, Avalanche, Cardano, Binance, and Uniswap among the top 6 leading cryptos of 2024. The buzz around an upcoming lunar keynote display, … [+4041 chars]","2024-04-22T15:57:59Z","Michael Graw","","",""
"https://it.slashdot.org/story/24/05/11/0111205/black-basta-ransomware-attack-brought-down-ascension-it-systems-report-finds","Slashdot.org","Black Basta Ransomware Attack Brought Down Ascension IT Systems, Report Finds","The Russia-linked ransomware group Black Basta is responsible for Wednesday's cyberattack on St. Louis-based Ascension health system, according to sources reported by CNN. The attack disrupted access to electronic health records, some phone systems and ""vario…","On Friday, the nonprofit group Health-ISAC (Information Sharing and Analysis Center) issued an alert about the group, saying that Black Basta has ""recently accelerated attacks against the healthcare … [+996 chars]","2024-05-11T10:00:00Z","BeauHD","","",""
"https://markets.businessinsider.com/news/currencies/bitcoin-price-supply-crypto-currency-miners-btc-sell-off-decline-2024-5","Business Insider","Bitcoin could see a wave of forced selling as miners face the reality of lower rewards post-halving, research firm says","""If miners were forced to sell even a fraction of their holdings over the coming month this would have a negative impact on markets,"" Kaiki Research wrote.","Markets have long considered bitcoin's recent halving as a major price bolster, but it could bring a wave of selling from one corner of the sector, according to Kaiko Research.
The April halving is … [+1708 chars]","2024-05-15T12:17:10Z","fdemott@insider.com (Filip De Mott)","","",""
"https://readwrite.com/99bitcoins-launches-anticipated-crypto-presale-raising-over-1-million/","ReadWrite","‘99Bitcoins’ Launches Anticipated Crypto Presale, Raising Over $1 Million","99Bitcoins has officially launched the presale of their 99BTC token on April 10th. In just around 4 weeks, the presale… Continue reading ‘99Bitcoins’ Launches Anticipated Crypto Presale, Raising Over $1 Million
The post ‘99Bitcoins’ Launches Anticipated Crypt…","99Bitcoins has officially launched the presale of their 99BTC token on April 10th. In just around 4 weeks, the presale raised over $1 million and the token is already being advertised on a multitude … [+3462 chars]","2024-05-06T12:31:55Z","Petar Jovanović","","",""
"https://hackaday.com/2024/05/17/winamp-source-code-will-be-opened-up-company-says/","Hackaday","Winamp Source Code Will be Opened Up, Company Says","Recently the company currently in charge of the Winamp media player – formerly Radionomy, now Llama Group – announced that it will be making the source code of the player …read more","Recently the company currently in charge of the Winamp media player – formerly Radionomy, now Llama Group – announced that it will be making the source code of the player ‘available to developers’. A… [+1030 chars]","2024-05-18T02:00:58Z","Maya Posch","","",""
"https://www.sciencedaily.com/releases/2024/05/240510111420.htm","Science Daily","Blockchain could offer a solution to the UK's transport ticketing systems","A new approach to transport ticketing offers a step towards an integrated, transparent system that works efficiently for both ticket providers and passengers across all modes of transport.","A new approach to transport ticketing offers a step towards an integrated, transparent system that works efficiently for both ticket providers and passengers across all modes of transport.Traditional… [+2902 chars]","2024-05-10T15:14:20Z","","","",""
"https://korben.info/ethereum-blockchain-piratee-en-12-secondes-par-deux-freres.html","Korben.info","Le casse du siècle sur Ethereum – 2 frères dévalisent la blockchain en 12 secondes chrono !","Deux frères geeks ont piraté la blockchain Ethereum en exploitant une faille, dérobant 25 millions de dollars en cryptomonnaies en seulement 12 secondes. Découvrez les dessous de ce casse du siècle.","Grosse panique sur la blockchain Ethereum ! Alors qu’on pensait la technologie des registres distribués imparable, voilà qu’elle se fait braquer en un clin d’il par deux petits génies de l’informatiq… [+3622 chars]","2024-05-15T21:29:30Z","Korben","","",""
"https://readwrite.com/wienerai-raises-over-1-million-in-crypto-presale-as-analysts-highlight-wais-potential-next-meme-coin-to-watch/","ReadWrite","‘WienerAI’ Raises Over $1 Million in Crypto Presale as Analysts Highlight WAI’s Potential – Next Meme Coin to Watch?","A new meme coin called WienerAI launched its crypto presale on April 25th, and in a feat, it has already… Continue reading ‘WienerAI’ Raises Over $1 Million in Crypto Presale as Analysts Highlight WAI’s Potential – Next Meme Coin to Watch?
The post ‘WienerAI’…","A new meme coin called WienerAI launched its crypto presale on April 25th, and in a feat, it has already raised over $1 million in just a matter of days.
This quirky project, blending artificial int… [+4857 chars]","2024-05-06T14:53:33Z","Petar Jovanović","","",""
"https://readwrite.com/rollbit-coin-price-prediction-rlb-token-burn-channel-breakout-next/","ReadWrite","Rollbit Coin Price Prediction With RLB Token Burn – Channel Breakout Next?","The Rollbit Coin (RLB) price dipped to just under $0.12 today alongside the wider crypto market decline, with Bitcoin in… Continue reading Rollbit Coin Price Prediction With RLB Token Burn – Channel Breakout Next?
The post Rollbit Coin Price Prediction With R…","The Rollbit Coin (RLB) price dipped to just under $0.12 today alongside the wider crypto market decline, with Bitcoin in the red today.
With a current market capitalization of $335 million, RLB is i… [+5567 chars]","2024-04-29T19:13:23Z","Arslan Butt","","",""
"https://readwrite.com/bitcoin-whales-drive-price-above-67000-resistance/","ReadWrite","Bitcoin whales drive price above $67,000 resistance","New research suggests that Bitcoin whales have been accumulating the cryptocurrency, keeping the price above a crucial resistance level until… Continue reading Bitcoin whales drive price above $67,000 resistance
The post Bitcoin whales drive price above $67,0…","New research suggests that Bitcoin whales have been accumulating the cryptocurrency, keeping the price above a crucial resistance level until April 24, 2024.
According to data from TradingView, Bitc… [+2172 chars]","2024-04-24T14:56:54Z","Radek Zielinski","","",""
"https://readwrite.com/us-presidential-candidate-rfk-to-speak-at-crypto-conference/","ReadWrite","US presidential candidate RFK to speak at crypto conference","Independent U.S. presidential candidate known for his pro-cryptocurrency stance Robert F. Kennedy Jr. is set to speak at the upcoming… Continue reading US presidential candidate RFK to speak at crypto conference
The post US presidential candidate RFK to speak…","Independent U.S. presidential candidate known for his pro-cryptocurrency stance Robert F. Kennedy Jr. is set to speak at the upcoming Consensus 2024 crypto conference in Austin, Texas.
Kennedy will … [+2146 chars]","2024-05-08T16:33:01Z","Radek Zielinski","","",""
"https://readwrite.com/new-token-based-degen-club-bdc-pumps-600-on-launch-day-1-4m-mc/","ReadWrite","New Token Based Degen Club ($BDC) Pumps 600% On Launch Day – $1.4M MC","New token Based Degen Club ($BDC) token pumped from $200K to an over $1.2M FDV in less than 12 hours… Continue reading New Token Based Degen Club ($BDC) Pumps 600% On Launch Day – $1.4M MC
The post New Token Based Degen Club ($BDC) Pumps 600% On Launch Day – …","New token Based Degen Club ($BDC) token pumped from $200K to an over $1.2M FDV in less than 12 hours of its launch yesterday, a 675% increase.
$BDC currently holds a $1.37M FDV just under 24 hours f… [+2284 chars]","2024-04-24T05:35:11Z","James Spillane","","",""
"https://readwrite.com/crypto-trader-loses-69-million-to-address-poisoning-scam/","ReadWrite","Crypto trader loses $69 million to ‘address poisoning’ scam","A cryptocurrency trader has reportedly fallen victim to a sophisticated “address poisoning” scam, resulting in the loss of tens of… Continue reading Crypto trader loses $69 million to ‘address poisoning’ scam
The post Crypto trader loses $69 million to ‘addre…","A cryptocurrency trader has reportedly fallen victim to a sophisticated “address poisoning” scam, resulting in the loss of tens of millions of dollars.
Address poisoning is a type of fraud where sca… [+2481 chars]","2024-05-06T11:45:17Z","Radek Zielinski","","",""
"https://readwrite.com/bitcoin-altcoins-dip-on-iran-israel-tensions/","ReadWrite","Bitcoin, altcoins dip on Iran-Israel tensions","The past week brought a downturn for both Bitcoin and altcoins, possibly triggered by the macroeconomic implications of the escalating… Continue reading Bitcoin, altcoins dip on Iran-Israel tensions
The post Bitcoin, altcoins dip on Iran-Israel tensions appea…","The past week brought a downturn for both Bitcoin and altcoins, possibly triggered by the macroeconomic implications of the escalating tensions between Iran and Israel over the weekend.
As a result,… [+2636 chars]","2024-04-19T16:10:56Z","Radek Zielinski","","",""
"https://www.genbeta.com/actualidad/240-000-euros-teletrabajar-grandes-tecnologicas-que-buscan-desarrolladores-para-mejorar-sus-proyectos","Genbeta.com","Hasta 240.000 euros por teletrabajar en grandes tecnológicas que buscan desarrolladores para mejorar sus proyectos","Teletrabajar tiene muchas ventajas como por ejemplo poder desarrollar la actividad laboral desde tu propia casa o desde una cafetería. Pero también te abre puertas para trabajar en mercados laborales internacionales que de manera tradicional tienen un sueldo …","Teletrabajar tiene muchas ventajas como por ejemplo poder desarrollar la actividad laboral desde tu propia casa o desde una cafetería. Pero también te abre puertas para trabajar en mercados laborales… [+3035 chars]","2024-05-07T08:33:01Z","José Alberto Lizana","","",""
"https://www.businessinsider.com/jpmorgan-jamie-dimon-economy-inflation-recession-stagflation-geopolitics-crypto-bitcoin-2024-4","Business Insider","Jamie Dimon warns the world order is being challenged — and bashes crypto once more","JPMorgan's CEO warned of sticky inflation, rising interest rates, recession, and global turmoil, while panning crypto's lack of progress.","Most people are financially healthy, but economic and geopolitical threats could spoil the party, Jamie Dimon warned on Tuesday.
Consumers have seen their homes and stock portfolios surge in value i… [+2601 chars]","2024-04-24T11:33:26Z","tmohamed@insider.com (Theron Mohamed)","","",""
"https://thenextweb.com/news/tornado-cash-dev-alexey-pertsev-5-years-prison-money-laundering","The Next Web","Tornado Cash dev Alexey Pertsev gets 5 years prison-time for money laundering","Alexey Pertsev, the developer behind crypto mixer Tornado Cash, has been found guilty of money laundering by a Dutch court at ‘s-Hertogenbosch. Pertsev, was first imprisoned in the Netherlands, where he has been residing, in August 2022 on charges of money la…","Alexey Pertsev, the developer behind crypto mixer Tornado Cash, has been found guilty of money laundering by a Dutch court at s-Hertogenbosch.
Pertsev, was first imprisoned in the Netherlands, where… [+2284 chars]","2024-05-14T14:28:41Z","Ioanna Lykiardopoulou","","",""
"https://readwrite.com/chinese-authorities-shut-down-illegal-crypto-service/","ReadWrite","Chinese authorities shut down illegal crypto service","Chinese authorities have shut down an underground bank that facilitated illegal currency exchange between the Chinese yuan and South Korean… Continue reading Chinese authorities shut down illegal crypto service
The post Chinese authorities shut down illegal c…","Chinese authorities have shut down an underground bank that facilitated illegal currency exchange between the Chinese yuan and South Korean won, using cryptocurrency as a medium.
Police announced on… [+3465 chars]","2024-05-13T12:27:38Z","Radek Zielinski","","",""
"https://wwwhatsnew.com/2024/05/08/explorando-el-futuro-del-blockchain-cita-clave-en-madrid-para-profesionales/","Wwwhatsnew.com","Explorando el futuro del blockchain: Cita clave en Madrid para profesionales","El próximo 28 de mayo, Madrid se convertirá en el epicentro de la tecnología blockchain con la celebración del Blockchain Profesional Expo en el Novotel Madrid Center. Este evento reunirá a más de 200 expertos y representantes de empresas líderes en tecnologí…","El próximo 28 de mayo, Madrid se convertirá en el epicentro de la tecnología blockchain con la celebración del Blockchain Profesional Expo en el Novotel Madrid Center. Este evento reunirá a más de 20… [+2187 chars]","2024-05-08T17:00:04Z","Juan Diego Polo","","",""
"https://readwrite.com/slothana-meme-coin-presale-ends-monday-airdrop-on-solana-tomorrow/","ReadWrite","Slothana Meme Coin Presale Ends Monday, Airdrop On Solana In 20 Hours","Slothana (SLOTH), a Solana-based meme coin, has raised over $15 million in its presale phase, and is set to airdrop… Continue reading Slothana Meme Coin Presale Ends Monday, Airdrop On Solana In 20 Hours
The post Slothana Meme Coin Presale Ends Monday, Airdro…","Slothana (SLOTH), a Solana-based meme coin, has raised over $15 million in its presale phase, and is set to airdrop tokens on the Solana blockchain on Monday, April 29.
The Slothana.com countdown ti… [+3248 chars]","2024-04-28T11:11:10Z","Petar Jovanović","","",""
"https://www.techmeme.com/240419/p11","Techmeme.com","Telegram partners with Tether to let the messaging app's ~900M users send USDT to each other through The Open Network blockchain (Ryan Browne/CNBC)","Ryan Browne / CNBC:
Telegram partners with Tether to let the messaging app's ~900M users send USDT to each other through The Open Network blockchain  —  Stablecoin Tether and Circle's USDC dominate the market.  —  Telegram users can now start making stablecoi…","About This Page
This is a Techmeme archive page.
It shows how the site appeared at 4:00 PM ET, April 19, 2024.
The most current version of the site as always is available at our home page.
To vie… [+68 chars]","2024-04-19T20:00:41Z","","","",""
"https://www.marketwatch.com/story/crypto-industrys-lobbying-hit-a-record-in-2023-and-is-off-to-a-strong-start-in-2024-fa740b43","MarketWatch","Crypto industry’s lobbying hit a record in 2023 — and is off to a strong start in 2024","The cryptocurrency industry’s spending on Washington lobbying rose to a fresh record last year, while it’s started out 2024 with more sizable spending to influence the U.S. government.","The cryptocurrency industrys spending on Washington lobbying rose to a fresh record again last year with companies and trade associations shelling out nearly $25 million, beating 2022s total of more … [+2801 chars]","2024-05-10T12:00:00Z","Victor Reklaitis","","",""
"https://korben.info/bercy-chasse-crypto-fraudeurs-intelligence-artificielle.html","Korben.info","Bercy part en chasse aux crypto-fraudeurs grâce à l’IA","Bercy prépare de nouvelles mesures pour traquer les fraudeurs aux crypto-actifs. L'intelligence artificielle sera mise à contribution pour scanner la blockchain Bitcoin et détecter des schémas de blanchiment d'argent. Le fisc français compte aligner ses pouvo…","Attention, arnaqueurs et fraudeurs de crypto en tout genre, Big Brother Bercy vous surveille ! Le ministère de l’Économie s’apprête à dégainer un nouveau texte de loi antifraude, avec un focus partic… [+3599 chars]","2024-05-02T16:33:15Z","Korben","","",""
"https://www.nakedcapitalism.com/2024/05/taxcast-142-blockchain-havens.html","Nakedcapitalism.com","TaxCast #142: Blockchain Havens","How blockchain/crypto tax havens are displacing traditional tax havens.","Yves here. As we warned from the outset, the use cases for cryptocurrencies are tax evasion and other criminal activity, and speculation. This TaxCast describes how blockchain plus crypto are becomin… [+49436 chars]","2024-05-01T13:55:11Z","Yves Smith","","",""
"https://www.digitaltrends.com/gaming/phoenix-labs-dauntless-fae-farm-layoffs-100-workers/","Digital Trends","Dauntless dev lays off over 100 people as it cancels in-development projects","Phoenix Labs confirmed that it was restructuring its business and laying off workers. This is the third such announcement in little over a year.","Phoenix Labs
Phoenix Labs is seeing its third round of layoffs in just over a year. According to reports, over 100 people were affected this time around and projects have been canceled.
The company… [+1690 chars]","2024-05-16T19:21:26Z","Carli Velocci","","",""
"https://www.investors.com/news/coinbase-stock-q1-earnings-beat-bitcoin-cryptocurrency/","Investor's Business Daily","Coinbase Delivers Major Earnings, Revenue Beat Thanks To Soaring Bitcoin Prices, Crypto Interest","Coinbase transaction revenue more-than doubled as crypto prices, participation rally with bitcoin.","Coinbase posted a major first-quarter beat late Thursday, driven by bitcoin's start-of-the-year boom and renewed interest in cryptocurrencies. Meanwhile, bitcoin rebounded slightly after falling on W… [+3758 chars]","2024-05-02T21:20:43Z","Investor's Business Daily","","",""
"https://www.xataka.com/legislacion-y-derechos/lecciones-primer-juicio-nfts-copyright-espana-siempre-giro-todo-beneficio-economico","Xataka.com","Lecciones del primer juicio sobre NFTs y copyright en España: siempre giró todo sobre el beneficio económico","Dos Miró, dos Tàpies y un Barceló. Para inaugurar su tienda en la Quinta Avenida de Nueva York en 2022, Mango decidió crear NFTs inspirándose en los cinco cuadros de los reconocidos artistas catalanes que entre 1998 y 2008 había comprado físicamente la empres…","Dos Miró, dos Tàpies y un Barceló. Para inaugurar su tienda en la Quinta Avenida de Nueva York en 2022, Mango decidió crear NFTs inspirándose en los cinco cuadros de los reconocidos artistas catalane… [+9629 chars]","2024-05-03T10:15:16Z","Enrique Pérez","","",""
"https://qz.com/bitcoin-crypto-cryptocurrency-glossary-terms-vocabulary-1851465015","Quartz India","Bitcoin and crypto have a lot of terms. We've got a glossary for what you need to know","Since its inception, Bitcoin has captured the attention of countless individuals, which has led to the creation of a bustling cryptocurrency industry. As the crypto industry is new, its terms and jargon are often unfamiliar, which makes it difficult to unders…","Tokens, cryptocurrencies, and digital assets are often used interchangeably but are different from each other.
Digital asset is a broader term that refers to assets that exist in digital form and ca… [+799 chars]","2024-05-12T09:00:00Z","Vinamrata Chaturvedi","","",""
"https://www.presse-citron.net/incroyable-ces-deux-freres-ont-vole-25-millions-de-dollars-de-crypto-en-a-peine-12-secondes/","Presse-citron","Incroyable ! Ces deux frères ont volé 25 millions de dollars de crypto en à peine 12 secondes","Deux jeunes frères américains ont réalisé l’un des braquages les plus spectaculaires de l’Histoire, en seulement 12 secondes.","Âgés de seulement 24 et 28 ans, Anton et James Peraire-Bueno, anciens étudiants du prestigieux Massachusetts Institute of Technology (MIT), ont réussi à voler 25 millions de dollars en Ethereum en se… [+3644 chars]","2024-05-17T12:09:35Z","Romain Vitt","","",""
"https://readwrite.com/insanity-bets-launches-1m-presale-giveaway-how-to-join-the-hottest-crypto-contest-of-2024/","ReadWrite","Insanity Bets Launches $1M Presale Giveaway – How to Join the Hottest Crypto Contest of 2024","Insanity Bets ($IBET) seizes the attention of the market again. This time, with its massive $1M presale giveaway! By joining… Continue reading Insanity Bets Launches $1M Presale Giveaway – How to Join the Hottest Crypto Contest of 2024
The post Insanity Bets …","Insanity Bets ($IBET) seizes the attention of the market again.
This time, with its massive $1M presale giveaway!
By joining the $IBET presale, early investors stand a chance to win the $1M Insanit… [+4729 chars]","2024-05-13T11:54:20Z","Eric Dunne","","",""
"https://readwrite.com/6-vaneck-meme-coin-index-price-predictions-bonk-doge-floki-pepe-shib-wif/","ReadWrite","6 VanEck Meme Coin Index Price Predictions – BONK, DOGE, FLOKI, PEPE, SHIB, WIF","The crypto market entered the weekend facing another correction, and meme coins felt the impact, with top names like Dogecoin… Continue reading 6 VanEck Meme Coin Index Price Predictions – BONK, DOGE, FLOKI, PEPE, SHIB, WIF
The post 6 VanEck Meme Coin Index P…","The crypto market entered the weekend facing another correction, and meme coins felt the impact, with top names like Dogecoin (DOGE), Shiba Inu (SHIB), and dogwifhat (WIF) all down 3-5%.
On Wednesda… [+5176 chars]","2024-05-11T06:20:43Z","Petar Jovanović","","",""
"https://readwrite.com/gamblefi-sensation-insanity-bets-announces-1m-presale-jackpot-heres-how-you-can-join/","ReadWrite","GambleFi Sensation Insanity Bets Announces $1M Presale Jackpot – Here’s How You Can Join","The Insanity Bets ($IBET) presale is hot. A $1 million jackpot further fuels the FOMO around the presale. $IBET resale participants… Continue reading GambleFi Sensation Insanity Bets Announces $1M Presale Jackpot – Here’s How You Can Join 
The post GambleFi S…","The Insanity Bets ($IBET) presale is hot.
A $1 million jackpot further fuels the FOMO around the presale. $IBET resale participants will compete to win the entire $1 million Insanity Jackpot. The mo… [+4529 chars]","2024-05-13T11:55:26Z","Eric Dunne","","",""
"https://readwrite.com/bitcoin-and-altcoins-prices-pump-as-cpi-report-shows-us-inflation-falls-to-3-4-best-ai-cryptocurrencies-to-buy-now/","ReadWrite","Bitcoin and Altcoins Prices Pump as CPI Report Shows US Inflation Falls to 3.4% – Best AI Cryptocurrencies to Buy Now","Today’s CPI report has continued an 11-week trend of data arriving above 3%, leaving traders skeptical about the possibility of… Continue reading Bitcoin and Altcoins Prices Pump as CPI Report Shows US Inflation Falls to 3.4% – Best AI Cryptocurrencies to Buy…","Today’s CPI report has continued an 11-week trend of data arriving above 3%, leaving traders skeptical about the possibility of the figure falling below that number anytime soon. However, the report … [+4334 chars]","2024-05-15T14:57:23Z","Petar Jovanović","","",""
"https://qz.com/doj-charges-brothers-with-fraud-for-25-million-crypto-1851479457","Quartz India","Two crypto thieves have been charged in a $25 million Ethereum heist","The U.S. Department of Justice has arrested two brothers for attacking the Ethereum blockchain and stealing $25 million worth of cryptocurrency within 12 seconds, it said in an unsealed indictment on Wednesday. Read more...","The U.S. Department of Justice has arrested two brothers for attacking the Ethereum blockchain and stealing $25 million worth of cryptocurrency within 12 seconds, it said in an unsealed indictment on… [+1299 chars]","2024-05-15T18:56:00Z","Francisco Velasquez","","",""
"https://www.forbes.com/sites/forbesbusinesscouncil/2024/04/18/how-venture-capitalists-can-support-blockchain-innovation/","Forbes","How Venture Capitalists Can Support Blockchain Innovation","Venture capitalists can do more than invest funds to nurture blockchain innovation. By providing mentoring, resources and contacts, VCs can support blockchain startups as they innovate toward a brighter future.","Sameera Devuruwan (Sam Dee): CEO at HEXXION. Venture Capitalist in elevating tech startups. 
getty
Investors are increasingly jumping on the blockchain train. Blockchain is expanding its reach into… [+4404 chars]","2024-04-18T12:30:00Z","Sameera Devuruwan (Sam Dee), Forbes Councils Member, 
 Sameera Devuruwan (Sam Dee), Forbes Councils Member
 https://www.forbes.com/sites/forbesbusinesscouncil/people/sameeradevuruwan/","","",""
"https://www.forbes.com/sites/digital-assets/2024/05/08/trump-and-the-fed-could-be-about-to-trigger-a-4-trillion-bitcoin-price-boom/","Forbes","Trump And The Fed Could Be About To Trigger A $4 Trillion Bitcoin Price Boom","Bitcoin Subscribe now to Forbes' CryptoAsset & Blockchain Advisor and ""uncover blockchain blockbusters poised for 1,000% plus gains"" in the aftermath of bitcoin's halv...","BitcoinBitcoin
 has stalled after a roaring back last week (though some traders are betting on an ""absolutely enormous"" China earthquake).
Subscribe now to Forbes' CryptoAsset &amp; Blockchain Advi… [+3987 chars]","2024-05-08T12:45:21Z","Billy Bambrough, Senior Contributor, 
 Billy Bambrough, Senior Contributor
 https://www.forbes.com/sites/billybambrough/","","",""
"https://www.zeit.de/geld/2024-04/bitcoin-halving-kryptowaehrung-kurs-wert","Die Zeit","Bitcoin-Halving: Auch halbierter Mist bleibt Mist","Die Zahl der Bitcoin wächst nun langsamer. Ob der Wert der Kryptowährung damit steigt, ist nicht gesagt. Der Bitcoin bleibt hochspekulativ und schadet der Gesellschaft.","Lange haben die Bitcoin-Jünger es herbeigesehnt, nun
fand das sogenannte Halving endlich statt. Das Tempo, mit dem neue Bitcoin
entstehen, halbiert sich dadurch. Dazu muss man wissen: Alle Bitcoin-… [+662 chars]","2024-04-20T07:24:31Z","ZEIT ONLINE: Geld - Nathanael Häfner","","",""
"https://www.zeit.de/news/2024-04/22/umfrage-jeder-achte-erwachsene-investiert-in-krypto","Die Zeit","Digitalwährung: Umfrage: Jeder achte Erwachsene investiert in Krypto","Hier finden Sie Informationen zu dem Thema „Digitalwährung“. Lesen Sie jetzt „Umfrage: Jeder achte Erwachsene investiert in Krypto“.","Jeder achte Erwachsene in Deutschland (13 Prozent) hat bereits in Kryptowährungen investiert. Das geht aus einer repräsentativen Umfrage des Marktforschungsinstituts Spendid Research hervor, die am M… [+2670 chars]","2024-04-22T11:28:17Z","ZEIT ONLINE: News -","","",""
"https://qz.com/bitcoin-halving-dogecoin-ether-solana-litecoin-1851420088","Quartz India","5 cryptocurrencies to watch as the big Bitcoin 'halving' begins","Bitcoin will go through it’s latest so-called “halving” event starting Friday. The halving will cut the current reward for mining new coins from 6.25 Bitcoin to 3.125. Halving is an integral part of the Bitcoin blockchain system, which creates a monetary syst…","Bitcoin Cash was created in 2017 after the Bitcoin hard fork. A hard fork is a phenomenon in the blockchain world that happens when the community makes major changes to the blockchain network and cha… [+528 chars]","2024-04-18T19:07:00Z","Vinamrata Chaturvedi","","",""
"https://biztoc.com/x/73418401ef150199","Biztoc.com","HashKey Partners Aptos Foundation to Improve Blockchain","Coinspeaker HashKey Partners Aptos Foundation to Improve Blockchain Global Web 3.0 infrastructure provider Hashkey Cloud has inked a strategic partnership with Aptos Foundation to push the development of applications on the blockchain. According to HashKey’s …","CoinspeakerHashKey Partners Aptos Foundation to Improve BlockchainGlobal Web 3.0 infrastructure provider Hashkey Cloud has inked a strategic partnership with Aptos Foundation to push the development … [+306 chars]","2024-05-08T13:26:06Z","coinspeaker.com","","",""
"https://biztoc.com/x/1ff2643cf06dac3c","Biztoc.com","TRON DAO at Cornell Blockchain Conference","Geneva, Switzerland, May 15, 2024 – TRON DAO, a platinum sponsor at the Cornell Blockchain Conference, recently showcased its leadership at Cornell Tech on Roosevelt Island. The event attracted over 800 participants, including students, academics, and industr…","Geneva, Switzerland, May 15, 2024 TRON DAO, a platinum sponsor at the Cornell Blockchain Conference, recently showcased its leadership at Cornell Tech on Roosevelt Island. The event attracted over 80… [+315 chars]","2024-05-15T13:02:15Z","cryptobriefing.com","","",""
"https://www.forbes.com/sites/davidbalaban/2024/05/12/traditional-cybersecurity-vs-blockchain-based-solutions-main-issues/","Forbes","Traditional Cybersecurity Vs. Blockchain-Based Solutions: Main Issues","Explore the unique challenges and solutions in blending traditional and blockchain-based cybersecurity to protect Web3 projects and user funds effectively.","Traditional vs. Blockchain Cybersecurity
getty
Web3 enthusiasts sometimes propose replacing traditional security systems with decentralized solutions. However, this juxtaposition is misguided, as t… [+5818 chars]","2024-05-12T10:21:26Z","David Balaban, Contributor, 
 David Balaban, Contributor
 https://www.forbes.com/sites/davidbalaban/","","",""
"https://www.forbes.com/sites/digital-assets/2024/05/08/web3-meets-ai-blockchain-technology-revolutionizes-the-ai-landscape/","Forbes","Web3 Meets AI: Blockchain Technology Revolutionizes The AI Landscape","As the convergence of Web3 and AI gains momentum, decentralized AI is poised to revolutionize the world as we know it.","A visitor watches an AI (Artificial Intelligence) sign on an animated screen at the Mobile World ... [+] Congress (MWC), the telecom industry's biggest annual gathering, in Barcelona. (Photo by Josep… [+6497 chars]","2024-05-08T17:30:17Z","Victoria Chynoweth, Contributor, 
 Victoria Chynoweth, Contributor
 https://www.forbes.com/sites/victoriachynoweth/","","",""
"https://www.forbes.com/sites/forbestechcouncil/2024/04/25/blockchain-and-ai-the-dream-team-of-tech/","Forbes","Blockchain And AI: The Dream Team Of Tech","The fusion of blockchain and generative AI opens up a realm of previously unimaginable opportunities.","Andres Zunino, ZirconTech cofounder and web development authority, drives innovation in Web3 for digital transformation.
getty
Blockchain and generative AI have become the most transformative force… [+7162 chars]","2024-04-25T13:15:00Z","Andres Zunino, Forbes Councils Member, 
 Andres Zunino, Forbes Councils Member
 https://www.forbes.com/sites/forbestechcouncil/people/andreszunino/","","",""
"https://www.forbes.com/sites/jasonbrett/2024/05/06/how-banksocial-and-metallicus-are-banking-on-blockchain-in-2024/","Forbes","How BankSocial And Metallicus Are Banking On Blockchain In 2024","Two companies - Metallicus and BankSocial - are focused on blockchain technology and are banking on regulatory support for their innovations with and for credit unions.","An abstract digital structure showing the concept of blockchain technology with hexadecimal hash ... [+] data inside each block. This image represents a conceptual design in the domain of IT, cybersp… [+5175 chars]","2024-05-07T01:25:23Z","Jason Brett, Senior Contributor, 
 Jason Brett, Senior Contributor
 https://www.forbes.com/sites/jasonbrett/","","",""
"https://www.forbes.com/sites/beltway/2024/05/02/america-requires-regulatory-clarity-before-blockchain-bears-its-bounty/","Forbes","America Requires Regulatory Clarity Before Blockchain Bears Its Bounty","New and evolving applications will amplify the utility of blockchain in a wider variety of industries – that is, unless regulators kill it in the crib.","(Photo by Joan Cros/NurPhoto via Getty Images)
NurPhoto via Getty Images
Innovation is essential to economic growth and higher living standards. Better tools and techniques that make us more produc… [+6752 chars]","2024-05-02T11:30:00Z","Dan Ikenson, Contributor, 
 Dan Ikenson, Contributor
 https://www.forbes.com/sites/danikenson/","","",""
"https://www.01net.com/actualites/bitcoin-apprete-changer-savoir-halving-mise-jour-crypto.html","01net.com","Le Bitcoin s’apprête à changer : tout savoir sur le halving, la 4e mise à jour de la crypto","Le Bitcoin va vivre son quatrième halving. Cette mise à jour va modifier une partie de la manière dont fonctionne la blockchain. Fonctionnement, utilité, impact sur le cours… On vous dit tout sur les changements prévus pour la reine des cryptomonnaies.","Le Bitcoin va vivre son quatrième halving. Cette mise à jour va modifier une partie de la manière dont fonctionne la blockchain. Fonctionnement, utilité, impact sur le cours On vous dit tout sur les … [+13851 chars]","2024-04-19T16:00:02Z","Florian Bayard","","",""
"https://biztoc.com/x/08388da688c4e2e5","Biztoc.com","Telegram to tokenize emojis and stickers as NFTs on TON blockchain","Telegram co-founder and CEO Pavel Durov announced the plans at Token2049 Dubai. The tokenization project will use the TON blockchain. Toncoin price rose as TON Foundation and Tether partnered to bring USDT to TON blockchain. Telegram is taking a major step in…","Telegram co-founder and CEO Pavel Durov announced the plans at Token2049 Dubai.The tokenization project will use the TON blockchain.Toncoin price rose as TON Foundation and Tether partnered to bring … [+273 chars]","2024-04-19T16:28:11Z","coinjournal.net","","",""
"https://qz.com/bots-perform-90-of-stablecoin-transactions-1851469004","Quartz India","Bots perform 90% of stablecoin transactions","Nearly 90% of tracked stablecoin transactions are not human-involved. According to recent data published by Visa and blockchain data provider Allium, less than 10% of transactions are initiated by actual users, and most are done by bots. This means that only …","Nearly 90% of tracked stablecoin transactions are not human-involved. According to recent data published by Visa and blockchain data provider Allium, less than 10% of transactions are initiated by ac… [+1619 chars]","2024-05-10T14:35:00Z","Vinamrata Chaturvedi","","",""
"https://boehs.org/node/bountysource","Boehs.org","Bountysource Stole at Least $17,000 from Open Source Developers","This is why people say the open source ecosystem sucks.","in
blog
tags
date
5/3/2024
I like open source. I like the idea of gifts to the commons. I like the idealism, this naïve belief that if we all do our part, we can make beautiful things together. … [+3125 chars]","2024-05-03T23:40:27Z","Evan Boehs","","",""
"https://biztoc.com/x/8f171d34e6c7c315","Biztoc.com","Breaking: Blockchain Association and CFAT Sues SEC Over Dealer Rule","The Blockchain Association and the Crypto Freedom Alliance of Texas (CFAT) have filed a lawsuit against the U.S. Securities and Exchange Commission (SEC). The suit challenges a new rule that broadens the definition of a “dealer” in the realm of digital assets…","The Blockchain Association and the Crypto Freedom Alliance of Texas (CFAT) have filed a lawsuit against the U.S. Securities and Exchange Commission (SEC). The suit challenges a new rule that broadens… [+266 chars]","2024-04-23T14:42:15Z","coingape.com","","",""
"https://biztoc.com/x/6687a7681342f4e1","Biztoc.com","Tether launches native USDT and XAUT stablecoins on TON’s blockchain","Tether announced today that its dollar-pegged stablecoin Tether USD (USDT) and gold-pegged Tether Gold (XAUT) are available on The Open Network (TON). This move extends Tether’s blockchain coverage to 15 platforms and opens up new possibilities for over 900 m…","Tether announced today that its dollar-pegged stablecoin Tether USD (USDT) and gold-pegged Tether Gold (XAUT) are available on The Open Network (TON). This move extends Tethers blockchain coverage to… [+301 chars]","2024-04-19T12:40:15Z","cryptobriefing.com","","",""
"https://biztoc.com/x/1e293bc7f42762d0","Biztoc.com","Account Abstraction Can Greatly Simplify Blockchain Transactions: Here’s How","The post Account Abstraction Can Greatly Simplify Blockchain Transactions: Here’s How appeared first on Coinpedia Fintech News Blockchain transactions are safe but hard to understand because users have to keep track of encryption keys and go through a steep l…","The post Account Abstraction Can Greatly Simplify Blockchain Transactions: Heres How appeared first on Coinpedia Fintech NewsBlockchain transactions are safe but hard to understand because users have… [+265 chars]","2024-04-25T05:48:05Z","coinpedia.org","","",""
"https://qz.com/consensys-sues-sec-over-ether-regulation-1851438612","Quartz India","A crypto company is suing the SEC for overreach in regulating Ether","Ethereum developer and the company behind crypto wallet MetaMask Consensys has filed a lawsuit in a Texas court alleging regulatory overreach by the U.S. Securities and Exchange Commission (SEC). The company filed a complaint in the U.S. District Court for th…","Ethereum developer and the company behind crypto wallet MetaMask Consensys has filed a lawsuit in a Texas court alleging regulatory overreach by the U.S. Securities and Exchange Commission (SEC). The… [+1811 chars]","2024-04-26T17:04:00Z","Vinamrata Chaturvedi","","",""
"https://www.clubic.com/actualite-525405-sur-telegram-comment-les-hackers-s-y-prennent-pour-voler-vos-toncoins-soyez-vigilants.html","Clubic","Sur Telegram, comment les hackers s'y prennent-ils pour voler vos Toncoins ? Soyez vigilants !","La popularité croissante de la messagerie Telegram ainsi que de TON (The Open Network), la blockchain désormais indépendante, a incité les hackers à investir la plateforme pour piller les portefeuilles crypto de leurs victimes.","Et pour la siphonner davantage, le stratagème pousse le vice à inciter la victime à augmenter ses gains en achetant des « boosters », passage obligé pour que son investissement génère des revenus. En… [+1334 chars]","2024-04-28T14:41:00Z","Mélina LOUPIA","","",""
"https://www.forbes.com/sites/forbesbusinesscouncil/2024/05/10/beyond-borders-and-bureaucracy-how-blockchain-is-transforming-the-global-remittance-landscape/","Forbes","Beyond Borders And Bureaucracy: How Blockchain Is Transforming The Global Remittance Landscape","By eliminating intermediaries like correspondent banks, blockchain streamlines the entire remittance process, cutting costs for both senders and receivers.","Sash Thapa, CEO of Xpress Sewa and expert on global remittance.
getty
The global remittance industry has been plagued by inefficiencies for decades. Traditional systems suffer from high fees, slugg… [+4479 chars]","2024-05-10T12:30:00Z","Sash Thapa, Forbes Councils Member, 
 Sash Thapa, Forbes Councils Member
 https://www.forbes.com/sites/forbesbusinesscouncil/people/sashthapa/","","",""
"https://www.javacodegeeks.com/2024/05/game-theory-the-secret-weapon-of-blockchain-developers.html","Javacodegeeks.com","Game Theory – The Secret Weapon of Blockchain Developers","The world of blockchain technology is a complex ecosystem built on trust and collaboration. But beneath the surface lies a fascinating layer of strategic decision-making – a layer powered by the principles of Game Theory. For developers, understanding game th…","The world of blockchain technology is a complex ecosystem built on trust and collaboration. But beneath the surface lies a fascinating layer of strategic decision-making a layer powered by the princi… [+13250 chars]","2024-05-15T05:00:00Z","Eleftheria Drosopoulou","","",""
"https://wwwhatsnew.com/2024/05/17/fraude-criptografico-millonario-los-hermanos-del-mit-y-su-asombrosa-estafa-de-25-millones-de-dolares/","Wwwhatsnew.com","Fraude criptográfico millonario: Los hermanos del MIT y su asombrosa estafa de 25 millones de dólares","Llega una noticia que parece sacada de una novela de suspense tecnológico, dos hermanos y exalumnos del MIT han sido acusados de una audaz estafa criptográfica, robando la asombrosa suma de 25 millones de dólares en criptomonedas en un tiempo récord. Este cas…","Llega una noticia que parece sacada de una novela de suspense tecnológico, dos hermanos y exalumnos del MIT han sido acusados de una audaz estafa criptográfica, robando la asombrosa suma de 25 millon… [+4262 chars]","2024-05-17T20:30:31Z","Juan Diego Polo","","",""
"https://www.theregister.com/2024/05/14/biden_mineone_cryptocurrency/","Theregister.com","A Chinese crypto farm next to a nuclear missile base? Not on my watch says Biden","White House contends MineOne's equipment could be used to for surveillance and espionage
If you're a majority Chinese-owned company looking for cheap real estate in the US, you might want to steer clear of American missile silos and military bases.…","If you're a majority Chinese-owned company looking for cheap real estate in the US, you might want to steer clear of American missile silos and military bases.
Cryptomining firm MineOne found this o… [+2492 chars]","2024-05-14T23:30:09Z","Tobias Mann","","",""
"https://www.forbes.com/sites/digital-assets/2024/05/11/exponential-baby-navigating-the-ai--convergence-of-tech-with-nvidia/","Forbes","Exponential Baby! Navigating The AI Convergence Of Tech With Nvidia","Today we have a massive set of technology converging all at the same time including AI, Quantum, Spatial, Blockchain, and more.","SAN JOSE, CALIFORNIA - MARCH 18: Nvidia CEO Jensen Huang delivers a keynote address during the ... [+] Nvidia GTC Artificial Intelligence Conference at SAP Center on March 18, 2024 in San Jose, Calif… [+12055 chars]","2024-05-11T13:00:00Z","Sandy Carter, Contributor, 
 Sandy Carter, Contributor
 https://www.forbes.com/sites/sandycarter/","","",""
"https://www.forbes.com/sites/digital-assets/2024/04/30/tiktok-and-instagram-have-an-ai-influencer-problem-blockchain-can-help/","Forbes","TikTok And Instagram Have An AI Influencer Problem. Blockchain Can Help.","Many are using AI generated influencers now. The solution to this problem lies in what blockchain technology can offer in terms of verified, human digital identities.","WASHINGTON, DC - MARCH 23: TikTok CEO Shou Zi Chew prepares to testify before the House Energy and ... [+] Commerce Committee in the Rayburn House Office Building on Capitol Hill on March 23, 2023 in… [+9433 chars]","2024-04-30T11:30:00Z","Sandy Carter, Contributor, 
 Sandy Carter, Contributor
 https://www.forbes.com/sites/sandycarter/","","",""
"https://www.forbes.com/sites/digital-assets/2024/04/19/programming-taproot/","Forbes","Programming Taproot","Taproot uses clever Merkle tree structures and new signatures to hide all this information from the blockchain, and instead operates at the wallet and node level.","Photo Illustration by Omar Marques
SOPA Images/LightRocket via Getty Images
Highlights from Jimmy Songs new technical workshop, Programming Taproot.
Last month I attended the maiden voyage of Prog… [+10513 chars]","2024-04-19T17:11:56Z","Korok Ray, Contributor, 
 Korok Ray, Contributor
 https://www.forbes.com/sites/korokray/","","",""
"https://www.forbes.com/sites/dbloom/2024/05/01/cautious-growth-returns-to-q1-video-game-dealmaking-after-down-2023/","Forbes","‘Cautious Growth’ Returns To Q1 Video Game Dealmaking After Down 2023","Game industry investments, M&A and exits modestly bounced back in the first quarter of 2024, thanks to Disney's big Epic deal and growing blockchain interest.","getty
The game business saw a modest return in the first quarter of 2024 to investments, mergers &amp; acquisitions and IPOs after a slow 2023, though it took Disneys headline-grabbing $1.5 billion … [+4789 chars]","2024-05-01T17:02:40Z","David Bloom, Senior Contributor, 
 David Bloom, Senior Contributor
 https://www.forbes.com/sites/dbloom/","","",""
"https://www.forbes.com/sites/zengernews/2024/05/07/ghana-post-launches-digital-stamps-celebrating-asantehenes-legacy/","Forbes","Ghana Post Launches Digital Stamps Celebrating Asantehene’s Legacy","Ghana Post released a digital stamp collection, making 25 years of Otumfuo Osei Tutu II’s reign. The stamps use the blockchain to help preserve Ghana's cultural heritage.","By: Christos Makridis
Ghana Post announced on Sunday an innovative non-fungible token (NFT) collection to commemorate the 25th anniversary of the reign of His Majesty Otumfuo Osei Tutu II, the Asant… [+7148 chars]","2024-05-07T15:39:18Z","Zenger News, Contributor, 
 Zenger News, Contributor
 https://www.forbes.com/sites/zengernews/","","",""
"https://biztoc.com/x/0a678739885ad83d","Biztoc.com","dWallet Network enhances Monad with multi-chain DeFi support","Blockchain service provider dWallet Network has announced its latest move to support Layer-1 blockchain Monad, enabling multi-chain transfers. The collaboration will allow Monad ecosystem developers to utilize dWallet’s non-collusive and decentralized buildin…","Blockchain service provider dWallet Network has announced its latest move to support Layer-1 blockchain Monad, enabling multi-chain transfers. The collaboration will allow Monad ecosystem developers … [+299 chars]","2024-04-30T14:40:06Z","cryptobriefing.com","","",""
"https://biztoc.com/x/3f2a94ef712ca60c","Biztoc.com","Visa, Mastercard, JPMorgan And Citi Reveal Game-Changing Crypto Plan For ‘Mass Institutional Adoption’ After Bitcoin, Ethereum And XRP Price Pump","Bitcoin and crypto—including ethereum, XRP and other major coins—have been boosted by a Wall Street earthquake this year (which could be blown out of the water by an ""absolutely enormous"" China bombshell). Subscribe now to Forbes' CryptoAsset & Blockchain Adv…","Bitcoin and cryptoincluding ethereum, XRP and other major coinshave been boosted by a Wall Street earthquake this year (which could be blown out of the water by an ""absolutely enormous"" China bombshe… [+284 chars]","2024-05-11T11:54:09Z","forbes.com","","",""
"https://biztoc.com/x/79b940644213b81c","Biztoc.com","Trident3 integrating with LayerZero Labs to Combat Multi-Billion-Dollar Hacking Issue on Blockchain","New York, NY, May 15, 2024 (GLOBE NEWSWIRE) -- Trident3, a company specializing in enhancing blockchain security and intelligence, has announced an integration with LayerZero Labs, a leading omnichain interoperability protocol. This integration aims to tackle…","New York, NY, May 15, 2024 (GLOBE NEWSWIRE) -- Trident3, a company specializing in enhancing blockchain security and intelligence, has announced an integration with LayerZero Labs, a leading omnichai… [+308 chars]","2024-05-15T14:32:05Z","benzinga.com","","",""
"https://biztoc.com/x/3b341af9883582be","Biztoc.com","BNB Chain to Enable Native Staking on BNB Smart Chain (BSC) following Beacon Chain Sunset","[PRESS RELEASE – Dubai, UAE, April 25th, 2024] All validators will migrate from Beacon Chain to BSC, enabling high-APY native staking on BSC and MEV-based benefits BNB Chain, the community-driven blockchain ecosystem that includes the world’s largest smart co…","[PRESS RELEASE Dubai, UAE, April 25th, 2024]All validators will migrate from Beacon Chain to BSC, enabling high-APY native staking on BSC and MEV-based benefitsBNB Chain, the community-driven blockch… [+292 chars]","2024-04-25T06:34:15Z","cryptopotato.com","","",""
"https://biztoc.com/x/33c9b947380a8c86","Biztoc.com","Web3 Watch: Base kicks off Onchain Summer 2.0","Coinbase’s layer-2 blockchain Base has welcomed the second iteration of its Onchain Summer, where it will be inviting builders and creators to bring more users onto the blockchain. To mark the initiation of the event, Base will be hosting a month-long online …","Coinbases layer-2 blockchain Base has welcomed the second iteration of its Onchain Summer, where it will be inviting builders and creators to bring more users onto the blockchain.To mark the initiati… [+293 chars]","2024-05-05T14:56:04Z","blockworks.co","","",""
"https://biztoc.com/x/768207006dc62adf","Biztoc.com","Injective Launches Layer-3 Network on Arbitrum for Interoperability","Injective announced the launch of its Layer-3 network, the inEVM, powered by Arbitrum’s Orbit toolkit. It aims to enhance connectivity across Ethereum, Cosmos, and Solana networks, pushing the boundaries of blockchain interoperability and functionality. Injec…","Injective announced the launch of its Layer-3 network, the inEVM, powered by Arbitrums Orbit toolkit. It aims to enhance connectivity across Ethereum, Cosmos, and Solana networks, pushing the boundar… [+277 chars]","2024-05-08T20:58:09Z","beincrypto.com","","",""
"https://biztoc.com/x/f3b3e85cea6d2853","Biztoc.com","BlackRock's BUIDL","Carlos Domingo is the founder and CEO of Securitize, a platform for issuing and trading security tokens or digital securities on the blockchain. Securitize aims to modernize the traditional financial markets by leveraging blockchain technology to provide grea…","Carlos Domingo is the founder and CEO of Securitize, a platform for issuing and trading security tokens or digital securities on the blockchain. Securitize aims to modernize the traditional financial… [+244 chars]","2024-05-07T14:24:18Z","thedefiant.io","","",""
"https://www.tomshw.it/hardware/due-studenti-del-mit-rubano-25-milioni-di-dollari-in-12-secondi-sfruttando-un-bug-di-ethereum-2024-05-16","Tomshw.it","Due studenti del MIT rubano 25 milioni di dollari in 12 secondi sfruttando un bug di Ethereum","In un colpo senza precedenti nel mondo delle criptovalute, due fratelli sono stati accusati di aver sottratto 25 milioni di dollari in soli 12 secondi mediante la manipolazione della blockchain di Eth...","In un colpo senza precedenti nel mondo delle criptovalute, due fratelli sono stati accusati di aver sottratto 25 milioni di dollari in soli 12 secondi mediante la manipolazione della blockchain di Et… [+2651 chars]","2024-05-16T08:59:07Z","Giulia Di Venere","","",""
"https://www.forbes.com/sites/matthewkeller/2024/05/14/from-tuscan-wines-to-mongolian-mines-blockchain-is-transforming-supply-chains/","Forbes","From Tuscan Wines To Mongolian Mines, Blockchain Is Transforming Supply Chains","Blockchain's decentralized, and immutable ledger enables seamless traceability and verification of transactions across entire supply chain networks.","Sustainable fishery in the Philippines uses blockchain to trace blue crabs through the supply chain. ... [+]
Wholechain
Every second of every day, supply chains track an infinite variety of goods t… [+5452 chars]","2024-05-14T16:20:12Z","Matthew Keller, Contributor, 
 Matthew Keller, Contributor
 https://www.forbes.com/sites/matthewkeller/","","",""
"https://biztoc.com/x/de46135907676776","Biztoc.com","Vanguard names Bitcoin-friendly former BlackRock exec as new CEO","Salim Ramji spoke highly of Bitcoin and blockchain technology when overseeing BlackRock’s spot Bitcoin ETF filing. #salimramji #bitcoin #blackrock","Salim Ramji spoke highly of Bitcoin and blockchain technology when overseeing BlackRocks spot Bitcoin ETF filing.
#salimramji#bitcoin#blackrock
This story appeared on cointelegraph.com, .","2024-05-15T04:20:05Z","cointelegraph.com","","",""
"https://qz.com/bitcoin-dogecoin-and-shiba-inu-didn-t-join-the-gamest-1851479409","Quartz India","Bitcoin and the 'memecoins' didn't join the meme stock party. Here's why","This week, meme stocks came back into the limelight after Roaring Kitty, the investor behind the GameStop saga in 2021, made a comeback on social media and sparked a renewed frenzy, lifting other meme stocks. Read more...","This week, meme stocks came back into the limelight after Roaring Kitty, the investor behind the GameStop saga in 2021, made a comeback on social media and sparked a renewed frenzy, lifting other mem… [+2395 chars]","2024-05-15T17:58:00Z","Vinamrata Chaturvedi","","",""
"https://www.forbes.com/sites/lawrencewintermeyer/2024/05/16/escape-from-token-island-a-new-era-of-blockchain-interoperability-in-capital-markets/","Forbes","Escape From Token Island: A New Era Of Blockchain Interoperability In Capital Markets","Investors want to manage all their digital asset investments in one location without having to navigate through various technological systems and registration processes.","Old treasure map with nautical navigation equipment, coins and pearls.
getty
The number of new industry announcements of digital assets use cases, partnerships, network collaborations, and PoCs in … [+7899 chars]","2024-05-16T22:45:12Z","Lawrence Wintermeyer, Contributor, 
 Lawrence Wintermeyer, Contributor
 https://www.forbes.com/sites/lawrencewintermeyer/","","",""
"https://www.nextpit.de/jobs-in-krypto-diese-unternehmen-stellen-ein","Nextpit.de","Wollt Ihr in der Kryptowelt arbeiten? Diese Unternehmen stellen ein","2023 schien es, als seien Kryptowährungen dem Untergang geweiht. Aber jetzt ist Krypto zurück – und bietet interessante Job-Möglichkeiten.","Es gibt viele Faktoren, die zu dem wiedererwachten Optimismus und dem gestiegenen Interesse an Kryptowährungen beitragen  genauso wie eben auch viele Faktoren zu dem katastrophalen Einbruch im Jahr 2… [+4776 chars]","2024-04-19T13:00:01Z","Jobbio","","",""
"https://time.com/6978468/tiktok-frank-mccourt-ban-sale/","Time","Billionaire Frank McCourt Wants to Buy TikTok. Here’s Why He Thinks He Could Save It","McCourt hopes to buy TikTok without its central algorithm—and put its users in charge of their data.","Billionaire Frank McCourt has long argued that the internet needs to be radically changed on an infrastructural level in order to reduce its toxicity, misinformation, and extractive nature. Now, hes … [+6498 chars]","2024-05-16T15:21:32Z","Andrew R. Chow","","",""
"https://www.coindesk.com/business/2024/04/18/tokenization-growth-depends-on-developing-blockchain-powered-secondary-markets-moodys/","CoinDesk","Tokenization Growth Depends on Developing Blockchain-Powered Secondary Markets: Moody's","There aren't enough secondary markets that support tokenized assets, and they come with risks, the ratings company said.","<ul><li>The development of blockchain-powered secondary markets can help improve the adoption of tokenization in traditional markets, a new report by Moody's says.
</li><li>Although there is a lack … [+2113 chars]","2024-04-18T13:00:00Z","Sandali Handagama","","",""
"https://biztoc.com/x/6038fb21a08edb13","Biztoc.com","The rise of DePINs: From noise pollution sensors to robo-cafes","Decentralize with Cointelegraph dives into the inner workings of DePINs and how they leverage blockchain to revolutionize real-world applications. #depins","Decentralize with Cointelegraph dives into the inner workings of DePINs and how they leverage blockchain to revolutionize real-world applications.
#depins
This story appeared on cointelegraph.com, .","2024-04-29T12:26:04Z","cointelegraph.com","","",""
"https://www.forbes.com/sites/irinaheaver/2024/05/13/brc20-ordinals-bitcoins-high-tech-leap-or-a-distraction/","Forbes","BRC20 Ordinals: Bitcoin’s High-Tech Leap Or A Distraction?","Bitcoin Ordinals enable unique digital inscriptions, sparking debates about Bitcoin's evolution from a store of value to a utility. Proponents are very optimistic.","Attendees gathered at the Ordinals event in Dubai, United Arab Emirates, 3D generated image.
getty
The regional turmoil and historic flooding that rocked Dubai during Token2049 did not stop over fi… [+5427 chars]","2024-05-13T09:47:15Z","Irina Heaver, Contributor, 
 Irina Heaver, Contributor
 https://www.forbes.com/sites/irinaheaver/","","",""
"https://www.coindesk.com/consensus-magazine/2024/05/14/irthu-suresh-using-blockchain-tech-to-reduce-water-shortages/","CoinDesk","Irthu Suresh: Using Blockchain Tech to Reduce Water Shortages","The founder of the Atlantis water exchange is a speaker at this year’s Consensus festival in Austin, Texas, May 29-31.","Much of the world takes water for granted. And much of the world has so little water that its a matter of life and death.
So how can we send water from areas of surplus to areas of need? This is the… [+7219 chars]","2024-05-14T21:41:36Z","Jeff Wilser","","",""
"https://biztoc.com/x/72b6a465ff0a78e3","Biztoc.com","Dubai Defies Nature’s Fury: Global AI and Blockchain Shows Shine Through Adverse Weather","PRESS RELEASE. Dubai, April 19, 2024: Following a resounding success, VAP Group is thrilled to announce the triumphant conclusion of the inaugural editions of the Global AI Show and the Global Blockchain Show, held on April 16 and 17, 2024, at Grand Hyatt, Du…","PRESS RELEASE. Dubai, April 19, 2024: Following a resounding success, VAP Group is thrilled to announce the triumphant conclusion of the inaugural editions of the Global AI Show and the Global Blockc… [+212 chars]","2024-04-19T07:32:08Z","news.bitcoin.com","","",""
"https://biztoc.com/x/3bb92a15e597d74c","Biztoc.com","Robert F. Kennedy Jr Wants to Move US Budget Management to the Blockchain","Presidential candidate Robert F. Kennedy Jr. is committed to transforming the US budget system by adopting blockchain technology. He revealed his plans during a campaign rally in Michigan on April 21, where he explained that the shift would enable Americans t…","Presidential candidate Robert F. Kennedy Jr. is committed to transforming the US budget system by adopting blockchain technology. He revealed his plans during a campaign rally in Michigan on April 21… [+298 chars]","2024-04-22T21:02:30Z","cryptonews.com","","",""
"https://biztoc.com/x/2468bf5ccd9cb1c8","Biztoc.com","Pantera Capital Announces Investment in Layer-1 Blockchain Toncoin, Triggering Modest Price Jump for TON","Crypto asset manager Pantera Capital announced on Thursday that it’s investing in the layer-1 altcoin TON, triggering a modest rally for the asset. TON is the native token for a layer-1 blockchain initially developed by the encrypted messaging platform Telegr…","Crypto asset manager Pantera Capital announced on Thursday that its investing in the layer-1 altcoin TON, triggering a modest rally for the asset.TON is the native token for a layer-1 blockchain init… [+300 chars]","2024-05-04T00:06:06Z","dailyhodl.com","","",""
"https://biztoc.com/x/0b777f32a22839fb","Biztoc.com","DODOchain pioneers an Omni Trading Layer3 blockchain fueled by Arbitrum and AltLayer","an on-chain liquidity provider, has unveiled the launch of DODOchain, an industry-first Omni-Trading Layer3 powered by Arbitrum Orbit, EigenLayer, and AltLayer. DODOchain bridges Layer2 networks of Bitcoin (BTC) and Ethereum (ETH), consolidating liquidity fro…",", an on-chain liquidity provider, has unveiled the launch of DODOchain, an industry-first Omni-Trading Layer3 powered by Arbitrum Orbit, EigenLayer, and AltLayer. DODOchain bridges Layer2 networks of… [+314 chars]","2024-04-22T15:36:06Z","finbold.com","","",""
"http://jandan.net/p/116487","Jandan.net","麻省学生利用ETH区块链漏洞偷走2500万美元","他们利用专业技能篡改区块链协议","BALI @ 2024.05.17 , 07:02
0122500
122500
(FBI)·
12
(24)·-(28)20
202212
(KYC)
KYC[]
(IRS-CI)·
(SEC)(ETF)CNBCSECETF
CNBCSEC·
MIT students stole $25M in seconds by exploiting ETH blockchain … [+37 chars]","2024-05-16T23:02:36Z","BALI","","",""
"https://www.theregister.com/2024/05/18/brother_etherium_heist/","Theregister.com","How two brothers allegedly swiped $25M in a 12-second Ethereum heist","Feds scoff at blockchain integrity while software bug said to have been at heart of the matter The US Department of Justice has booked two brothers on allegations that they exploited open source software used in the Ethereum blockchain world to bag $25 millio…","The US Department of Justice has booked two brothers on allegations that they exploited open source software used in the Ethereum blockchain world to bag $25 million.
The pair computer scientists An… [+11028 chars]","2024-05-18T06:29:07Z","Matthew Connatser","","",""
"https://www.forbes.com/sites/digital-assets/2024/05/11/visa-mastercard-jpmorgan-and-citi-reveal-game-changing-crypto-plan-for-mass-institutional-adoption-after-bitcoin-ethereum-and-xrp-price-pump/","Forbes","Visa, Mastercard, JPMorgan And Citi Reveal Game-Changing Crypto Plan For ‘Mass Institutional Adoption’ After Bitcoin, Ethereum And XRP Price Pump","Some of Wall Street's biggest banks have revealed they're testing a system with Visa and Mastercard to tokenize their assets—something Citi analysts predict could become a ""$5 trillion market by 2030""...","BitcoinBitcoin
 and cryptoincluding ethereum, XRPXRP
 and other major coinshave been boosted by a Wall Street earthquake this year (which could be blown out of the water by an ""absolutely enormous""… [+3588 chars]","2024-05-11T11:45:19Z","Billy Bambrough, Senior Contributor, 
 Billy Bambrough, Senior Contributor
 https://www.forbes.com/sites/billybambrough/","","",""
"https://www.forbes.com/sites/digital-assets/2024/04/25/asia-remains-interested-in-web3--for-now/","Forbes","Asia Remains Interested In Web3 – For Now","Although Web3 interest slowed significantly in 2023, some recent developments indicate that Asia might not be done with the technology yet.","Visitors observe Non-Fungible Token (NFT) works at an exhibition entitled Indo NFT Festiverse at the ... [+] RJ Katamsi Gallery, Indonesian Art University. (Photo by DEVI RAHMAN / AFP)
AFP via Getty… [+6053 chars]","2024-04-25T14:17:28Z","Zennon Kapron, Contributor, 
 Zennon Kapron, Contributor
 https://www.forbes.com/sites/zennonkapron/","","",""
"https://www.forbes.com/sites/roomykhan/2024/05/13/beyond-price-hype-innovations-and-use-cases-drive-web3-adoption-cycle/","Forbes","Beyond Price Hype: Innovations And Use Cases Drive Web3 Adoption Cycle","While the resurgence in crypto generates buzz, the ongoing development of robust applications will ultimately drive mass adoption, creating a sustainable growth cycle.","Changing from web 2.0 to web 3.0 
getty
The cryptocurrency market has experienced a remarkable resurgence in 2023-2024, captivating veterans and new investors equally. Like a phoenix rising from th… [+10958 chars]","2024-05-13T12:32:16Z","Roomy Khan, Contributor, 
 Roomy Khan, Contributor
 https://www.forbes.com/sites/roomykhan/","","",""
